{"cameraMode":{"drawMode":0,"name":"Shaded","section":"Shading Mode"},"sceneLighting":true,"audioPlay":false,"sceneViewState":{"m_AlwaysRefresh":false,"showFog":true,"showSkybox":false,"showFlares":true,"showImageEffects":true,"showParticleSystems":true,"showVisualEffectGraphs":true,"m_FxEnabled":true},"in2DMode":false,"pivot":{"x":-6.050413131713867,"y":3.2641971111297609,"z":14.715694427490235},"rotation":{"x":0.028867464512586595,"y":0.3848438858985901,"z":-0.010989692993462086,"w":0.9218306541442871},"size":10.38664436340332,"orthographic":false}