{"cameraMode":{"drawMode":0,"name":"Shaded","section":"Shading Mode"},"sceneLighting":true,"audioPlay":false,"sceneViewState":{"m_AlwaysRefresh":false,"showFog":true,"showSkybox":true,"showFlares":true,"showImageEffects":true,"showParticleSystems":true,"showVisualEffectGraphs":true,"m_FxEnabled":true},"in2DMode":false,"pivot":{"x":-14.461782455444336,"y":13.12265396118164,"z":16.013959884643556},"rotation":{"x":0.6424152851104736,"y":-0.10581958293914795,"z":0.09020288288593292,"w":0.7536363005638123},"size":28.610668182373048,"orthographic":false}